,Unnamed: 0,CustomerId,Gender,Age,PostalCode,MinTrxValue,MaxTrxValue,TotalTrxValue,Cash,CreditCard,Cheque,SinceLastTrx,Churn
0,0,629,male,51.0,7,0.38,398.03,409.52,0,1,0,628.0,no
1,1,724,female,77.0,3,1.11,36.54,46.37,1,1,0,1149.0,yes
2,2,221,male,34.0,5,702.57,702.57,702.57,1,0,0,822.0,no
3,3,591,female,75.0,9,0.01,94.57,220.17,1,0,1,237.0,yes
4,4,134,female,55.0,6,171.35,320.23,491.58,0,1,0,1078.0,no
5,5,173,male,51.0,6,57.2,57.2,57.2,0,1,0,780.0,no
6,6,803,male,41.0,6,0.4,564.26,600.54,0,1,0,588.0,no
7,7,725,male,79.0,5,5.78,142.0,648.15,0,1,1,1044.0,no
8,8,355,male,43.0,6,408.68,408.68,408.68,0,1,0,604.0,no
9,9,601,male,32.0,6,2.5,2.5,2.5,1,0,0,249.0,yes
10,10,884,female,37.0,6,83.8,630.81,953.06,0,0,1,775.0,yes
11,11,859,male,61.0,6,144.55,144.55,144.55,1,0,0,590.0,yes
12,12,885,male,44.0,4,3.37,242.46,284.16,0,1,0,577.0,no
13,13,952,male,50.0,2,415.9,415.9,415.9,0,1,0,239.0,no
14,14,486,male,21.0,2,12.53,453.3,595.42,1,0,1,835.0,no
15,15,433,male,78.0,7,8.07,185.4,309.66,0,1,0,896.0,yes
16,16,943,female,28.0,3,2.81,72.1,126.81,1,1,0,49.0,yes
17,17,502,female,25.0,8,0.42,96.11,206.85,1,0,0,1190.0,no
18,18,743,female,41.0,7,116.95,275.88,392.83,0,1,0,760.0,yes
19,19,658,male,23.0,3,1.92,456.74,512.75,1,0,0,471.0,no
20,20,648,male,19.0,4,164.59,590.71,1079.04,1,0,1,494.0,no
21,21,88,male,21.0,8,656.99,656.99,656.99,1,0,0,396.0,yes
22,22,714,male,48.0,6,71.38,194.97,348.28,1,0,0,679.0,yes
23,23,19,male,45.0,3,0.17,78.81,128.91,0,1,1,1119.0,no
24,24,447,female,34.0,5,331.75,331.75,331.75,0,1,0,1170.0,no
25,25,455,male,52.0,5,0.13,347.83,416.9,0,1,1,1164.0,yes
26,26,677,male,19.0,4,74.35,244.65,319.0,1,0,0,1167.0,yes
27,27,369,female,22.0,5,0.02,124.52,448.2,1,1,0,634.0,no
28,28,280,female,17.0,6,0.18,245.86,252.98,0,0,1,1324.0,yes
29,29,532,female,20.0,4,39.99,128.36,374.01,0,1,0,672.0,no
30,30,347,male,27.0,2,1.26,11.82,30.19,0,1,0,991.0,yes
31,31,156,male,27.0,5,123.75,123.75,123.75,0,1,0,851.0,no
32,32,820,female,47.0,5,470.62,470.62,470.62,0,1,0,817.0,yes
33,33,478,male,56.0,6,2.99,42.75,157.55,1,0,0,1052.0,yes
34,34,52,male,68.0,9,28.71,182.7,383.3,0,1,0,785.0,no
35,35,206,male,42.0,3,8.38,119.66,170.16,1,0,0,1039.0,yes
36,36,581,male,59.0,4,368.85,368.85,368.85,0,1,0,668.0,no
37,37,298,male,48.0,7,0.01,402.8,693.67,0,1,0,715.0,no
38,38,149,male,46.0,4,8.02,410.77,563.17,0,1,0,786.0,yes
39,39,381,male,26.0,3,556.54,556.54,556.54,0,0,1,755.0,no
40,40,16,female,49.0,5,0.01,2.25,2.5,0,1,0,1107.0,yes
41,41,253,female,18.0,5,0.98,100.58,103.36,0,1,1,416.0,no
42,42,819,female,41.0,6,297.79,297.79,297.79,1,0,0,717.0,yes
43,43,222,female,33.0,1,11.27,137.98,149.25,0,1,0,1135.0,yes
44,44,807,male,67.0,2,0.01,116.07,145.07,0,1,0,395.0,no
45,45,243,male,33.0,7,2.43,219.11,351.05,1,1,0,773.0,yes
46,46,989,male,21.0,4,6.75,294.9,552.65,1,1,0,462.0,no
47,47,564,male,25.0,4,0.0,1.65,2.49,0,1,0,582.0,no
48,48,282,male,27.0,5,0.04,403.37,515.8,1,1,1,659.0,no
49,49,283,male,26.0,4,0.48,214.82,318.98,0,1,1,620.0,no
50,50,439,male,76.0,6,0.42,335.49,423.12,1,1,1,1133.0,yes
51,51,346,male,34.0,5,548.68,548.68,548.68,0,1,0,899.0,yes
52,52,9,female,70.0,4,319.27,319.27,319.27,0,1,0,1067.0,yes
53,53,123,male,53.0,7,0.13,256.76,483.71,0,1,1,963.0,no
54,54,334,male,46.0,8,0.59,182.59,277.89,1,0,1,1346.0,yes
55,55,670,male,62.0,1,23.24,155.85,400.16,0,1,0,597.0,yes
56,56,485,male,77.0,3,30.45,78.23,108.68,0,1,0,1261.0,yes
57,57,546,male,18.0,6,2.5,2.5,2.5,1,0,0,616.0,no
58,58,868,female,44.0,2,0.01,45.12,65.19,0,0,1,449.0,yes
59,59,316,male,55.0,6,0.01,12.79,18.36,0,1,0,1201.0,no
60,60,608,male,46.0,3,0.44,282.62,596.19,0,1,0,479.0,no
61,61,351,female,49.0,9,5.65,168.71,174.36,0,1,0,1155.0,yes
62,62,448,female,67.0,5,79.84,315.03,394.87,0,1,0,326.0,yes
63,63,727,male,44.0,8,0.01,108.15,202.07,0,1,0,512.0,no
64,64,294,male,28.0,3,220.1,220.1,220.1,0,1,0,302.0,yes
65,65,899,male,38.0,5,56.4,240.54,296.94,0,1,0,577.0,no
66,66,229,female,35.0,5,133.06,133.06,133.06,0,1,0,988.0,yes
67,67,871,male,44.0,3,222.45,222.45,222.45,1,0,0,1131.0,yes
68,68,267,male,28.0,8,296.11,296.11,296.11,1,0,0,658.0,no
69,69,699,male,36.0,6,16.01,79.97,157.54,0,1,0,650.0,no
70,70,288,male,40.0,4,425.37,425.37,425.37,0,1,0,965.0,no
71,71,913,male,34.0,5,460.14,460.14,460.14,0,1,0,241.0,yes
72,72,558,female,31.0,7,1.0,199.37,381.29,0,1,0,922.0,yes
73,73,237,male,89.0,2,1.04,223.88,606.03,1,0,0,926.0,yes
74,74,285,female,54.0,4,0.05,224.42,271.37,0,0,1,1099.0,yes
75,75,528,female,53.0,3,42.71,42.71,42.71,1,0,0,1192.0,yes
76,76,161,female,37.0,5,0.19,222.75,413.23,0,1,1,1152.0,yes
77,77,636,male,26.0,2,0.02,1.34,2.5,0,1,0,506.0,no
78,78,647,female,17.0,6,92.91,195.0,410.9,0,1,0,251.0,no
79,79,309,male,53.0,3,2.5,2.5,2.5,0,1,0,560.0,yes
80,80,720,female,20.0,5,0.01,46.25,165.32,1,1,1,860.0,no
81,81,752,male,45.0,3,0.05,173.12,309.65,0,1,0,424.0,no
82,82,38,female,49.0,6,97.26,190.95,288.21,1,1,0,1315.0,yes
83,83,213,female,30.0,4,2.57,2.57,2.57,0,1,0,775.0,no
84,84,618,female,32.0,3,4.03,389.69,403.36,0,1,0,888.0,yes
85,85,417,male,75.0,4,722.69,722.69,722.69,1,0,0,1366.0,yes
86,86,111,male,18.0,4,1.09,216.14,347.73,1,0,1,568.0,no
87,87,353,male,41.0,5,0.63,414.06,645.49,1,1,0,763.0,no
88,88,708,female,76.0,5,0.18,266.95,404.17,1,1,1,1132.0,yes
89,89,403,male,61.0,4,498.51,498.51,498.51,0,1,0,754.0,no
90,90,829,female,72.0,4,305.75,305.75,305.75,0,1,0,131.0,yes
91,91,290,female,75.0,5,0.05,218.5,363.73,1,0,1,1343.0,no
92,92,922,male,0.0,4,73.21,228.39,421.38,0,1,0,1087.0,yes
93,93,232,male,43.0,6,0.04,531.21,609.4,0,1,0,749.0,no
94,94,954,female,25.0,4,49.64,123.79,173.43,0,1,0,726.0,no
95,95,574,female,32.0,5,0.0,125.02,247.12,1,1,1,1193.0,no
96,96,310,male,46.0,3,0.45,206.6,219.95,0,1,0,599.0,no
97,97,469,female,19.0,4,22.0,142.87,415.87,0,1,0,476.0,no
98,98,366,male,39.0,4,0.09,147.53,381.7,1,1,1,580.0,no
99,99,665,female,51.0,3,0.11,60.87,70.56,1,0,1,1095.0,yes
100,100,176,male,51.0,6,2.22,232.96,362.51,1,0,0,1382.0,yes
101,101,928,female,24.0,4,233.95,233.95,233.95,1,0,0,766.0,yes
102,102,459,female,66.0,7,45.22,104.03,199.77,1,1,1,1180.0,yes
103,103,897,male,41.0,5,62.85,170.0,377.19,0,1,0,452.0,yes
104,104,79,female,27.0,8,39.85,82.18,168.27,0,1,0,523.0,no
105,105,666,female,48.0,3,93.22,167.09,538.58,0,1,0,1109.0,no
106,106,110,male,26.0,7,1.56,99.3,352.26,1,1,0,783.0,no
107,107,460,female,54.0,5,28.49,139.99,268.69,0,1,0,1246.0,yes
108,108,957,male,49.0,5,12.73,205.24,616.3,1,1,0,401.0,no
109,109,328,female,45.0,5,6.77,157.25,206.01,0,1,0,812.0,yes
110,110,507,female,52.0,3,0.28,170.34,172.46,1,0,1,1357.0,yes
111,111,476,male,46.0,4,9.62,451.67,572.48,0,1,0,482.0,no
112,112,579,male,51.0,4,323.81,323.81,323.81,1,0,0,816.0,yes
113,113,159,female,29.0,6,123.45,253.37,376.82,0,1,0,822.0,no
114,114,797,female,66.0,8,1.73,454.97,549.08,0,1,0,593.0,yes
115,115,475,female,36.0,5,3.66,62.01,101.66,1,1,0,92.0,yes
116,116,539,male,41.0,6,0.25,627.07,641.66,0,1,1,674.0,no
117,117,937,male,42.0,5,6.52,182.91,473.8,0,1,0,340.0,no
118,118,78,female,86.0,5,6.04,220.72,226.76,0,1,0,1114.0,yes
119,119,225,male,79.0,6,0.01,444.01,610.09,1,1,1,1115.0,no
120,120,582,male,34.0,6,0.45,161.66,164.44,1,1,0,538.0,no
121,121,651,female,57.0,5,163.94,227.25,391.19,0,1,0,1032.0,yes
122,122,758,male,24.0,6,157.73,157.73,157.73,0,1,0,466.0,no
123,123,616,male,28.0,4,59.17,286.71,599.01,1,1,0,289.0,no
124,124,867,female,86.0,4,2.21,232.4,437.29,0,1,0,956.0,yes
125,125,320,male,64.0,7,0.03,81.17,183.68,1,1,1,993.0,yes
126,126,562,male,17.0,8,0.0,450.55,811.37,1,1,0,399.0,no
127,127,18,male,45.0,5,7.82,250.72,435.45,0,1,0,383.0,no
128,128,586,male,43.0,7,0.96,180.05,318.27,1,0,0,471.0,yes
129,129,910,male,43.0,8,1.08,370.36,682.0,0,1,0,542.0,no
130,130,93,female,67.0,6,0.47,144.58,242.85,0,1,0,191.0,yes
131,131,776,male,52.0,6,680.91,680.91,680.91,0,1,0,864.0,no
132,132,102,male,71.0,2,15.67,410.47,696.8,0,0,1,1095.0,yes
133,133,688,female,46.0,8,0.01,51.63,75.77,0,1,1,1231.0,no
134,134,155,male,30.0,7,328.96,328.96,328.96,1,0,0,821.0,no
135,135,642,female,27.0,4,435.37,435.37,435.37,1,0,0,324.0,yes
136,136,571,male,34.0,4,0.06,24.78,25.19,0,1,0,544.0,yes
137,137,10,male,36.0,3,0.05,84.03,112.45,0,1,0,318.0,no
138,138,999,male,18.0,6,2.4,6.62,12.55,0,1,0,342.0,no
139,139,141,female,53.0,4,195.96,195.96,195.96,1,0,0,1283.0,yes
140,140,817,female,90.0,6,3.22,244.37,281.84,1,1,0,764.0,no
141,141,886,male,51.0,5,49.05,72.3,121.35,0,1,0,526.0,no
142,142,452,male,54.0,1,182.82,664.66,1103.65,0,1,1,143.0,no
143,143,749,female,17.0,4,592.76,592.76,592.76,0,1,0,844.0,no
144,144,951,male,42.0,4,175.61,463.94,639.55,1,0,0,580.0,yes
145,145,823,male,42.0,4,3.12,275.68,376.63,1,0,0,1048.0,no
146,146,555,male,57.0,2,0.01,391.97,518.32,1,0,0,949.0,yes
147,147,212,male,17.0,5,1.54,73.3,165.84,0,0,1,965.0,no
148,148,175,female,85.0,5,2.14,261.12,308.72,1,0,0,1357.0,yes
149,149,219,male,20.0,4,15.76,274.97,515.4,1,1,0,719.0,no
150,150,635,male,54.0,8,48.26,72.31,120.57,1,0,0,992.0,yes
151,151,603,male,18.0,5,55.31,177.81,295.75,1,1,0,997.0,yes
152,152,878,male,56.0,4,0.0,85.89,147.29,1,1,0,448.0,no
153,153,68,male,35.0,7,258.8,258.8,258.8,0,1,0,485.0,no
154,154,602,female,37.0,4,2.83,60.07,160.79,1,1,0,895.0,yes
155,155,632,male,52.0,3,36.08,367.1,511.66,1,0,0,1027.0,no
156,156,319,female,21.0,5,13.4,263.19,299.44,0,1,0,545.0,no
157,157,753,male,51.0,5,82.26,200.66,282.92,1,0,0,837.0,yes
158,158,779,female,30.0,3,14.55,155.78,273.13,0,1,0,649.0,no
159,159,663,male,54.0,3,0.71,150.02,503.29,1,1,1,528.0,no
160,160,511,male,66.0,7,288.54,288.54,288.54,0,1,0,346.0,no
161,161,569,female,44.0,6,47.93,291.19,339.12,1,0,1,909.0,yes
162,162,634,male,19.0,7,806.0,806.0,806.0,0,1,0,5.0,no
163,163,811,male,78.0,5,6.02,477.66,549.25,0,1,1,956.0,yes
164,164,147,female,2.0,8,20.06,114.02,259.44,0,1,1,1263.0,no
165,165,514,male,40.0,3,16.69,88.36,160.46,1,0,0,905.0,yes
166,166,482,male,72.0,5,3.17,130.21,166.67,1,0,0,885.0,yes
167,167,281,male,68.0,4,3.58,280.61,497.23,0,1,1,721.0,no
168,168,6,female,28.0,4,0.0,338.97,459.64,1,1,1,1324.0,yes
169,169,335,male,48.0,8,3.82,128.64,280.84,0,1,0,796.0,yes
170,170,563,male,48.0,5,0.01,376.97,481.94,1,1,0,850.0,no
171,171,598,male,28.0,3,0.02,446.67,497.52,1,1,0,905.0,no
172,172,266,female,24.0,5,238.34,238.34,238.34,0,1,0,802.0,no
173,173,332,female,30.0,6,6.23,502.62,674.65,0,1,1,625.0,no
174,174,187,female,73.0,3,312.82,312.82,312.82,1,0,0,1174.0,yes
175,175,824,male,59.0,6,0.02,1.37,2.5,0,1,1,1022.0,yes
176,176,168,male,59.0,6,0.0,80.28,101.74,1,0,0,1242.0,yes
177,177,995,male,19.0,5,10.86,21.04,44.18,0,1,1,646.0,no
178,178,796,female,38.0,3,212.91,212.91,212.91,0,1,0,962.0,yes
179,179,875,male,31.0,3,567.54,567.54,567.54,0,1,0,289.0,no
180,180,766,female,20.0,4,1.04,191.61,395.49,0,1,0,553.0,no
181,181,736,female,40.0,4,63.13,63.13,63.13,0,1,0,651.0,yes
182,182,393,female,33.0,7,86.31,293.41,379.72,1,0,0,1327.0,yes
183,183,171,female,29.0,7,5.65,186.49,219.12,0,1,1,781.0,no
184,184,904,female,51.0,3,314.77,314.77,314.77,0,1,0,787.0,yes
185,185,695,female,53.0,8,0.02,220.21,298.71,0,1,0,987.0,yes
186,186,565,female,42.0,5,0.33,180.5,217.9,1,0,1,927.0,yes
187,187,17,female,24.0,5,22.32,95.67,315.29,1,0,0,1134.0,yes
188,188,919,male,51.0,2,0.01,267.35,325.08,0,1,1,728.0,no
189,189,810,male,44.0,3,3.63,459.27,590.58,1,1,0,835.0,no
190,190,918,female,24.0,2,396.19,396.19,396.19,0,1,0,562.0,no
191,191,917,female,46.0,5,7.03,232.58,379.14,0,1,0,605.0,no
192,192,503,male,37.0,6,0.06,269.84,330.76,1,1,1,830.0,yes
193,193,524,female,50.0,3,0.04,306.53,616.01,1,1,1,720.0,no
194,194,987,male,37.0,3,0.31,60.36,79.95,1,0,0,311.0,yes
195,195,372,female,40.0,6,0.47,95.27,196.58,1,1,1,1127.0,yes
196,196,531,female,36.0,4,0.22,9.68,19.77,0,1,0,1308.0,yes
197,197,181,male,33.0,8,217.5,217.5,217.5,0,1,0,74.0,yes
198,198,813,male,27.0,5,0.13,2.43,4.59,1,1,0,195.0,yes
199,199,542,female,17.0,5,0.04,381.1,592.81,0,1,0,740.0,no
200,200,513,male,47.0,4,0.53,247.58,260.18,1,0,0,913.0,yes
201,201,757,male,19.0,6,211.61,430.43,642.04,1,0,0,455.0,no
202,202,204,male,39.0,2,0.24,29.18,57.57,0,1,0,517.0,no
203,203,273,female,45.0,7,13.42,91.52,146.65,0,1,0,350.0,no
204,204,467,male,18.0,5,0.05,33.07,36.85,0,1,1,20.0,yes
205,205,1,male,63.0,4,0.03,374.22,398.24,1,1,1,683.0,yes
206,206,806,female,91.0,5,2.72,103.44,147.07,1,1,0,930.0,yes
207,207,301,male,39.0,4,2.18,296.8,380.24,0,1,0,1210.0,yes
208,208,821,male,90.0,2,12.41,122.62,427.6,0,1,0,859.0,yes
209,209,272,male,39.0,4,139.86,451.8,971.45,0,1,0,849.0,no
210,210,63,male,52.0,5,0.01,202.13,248.87,0,1,1,546.0,no
211,211,345,female,65.0,9,0.0,2.28,2.49,1,1,0,778.0,no
212,212,94,male,55.0,1,1.61,416.71,448.56,1,0,1,1190.0,no
213,213,458,female,51.0,4,2.65,33.83,57.31,1,0,0,885.0,yes
214,214,556,male,63.0,5,26.97,322.47,505.91,0,1,0,726.0,yes
215,215,441,male,34.0,7,60.62,77.71,138.33,0,1,0,450.0,no
216,216,912,female,57.0,4,142.01,142.01,142.01,1,0,0,477.0,no
217,217,792,male,42.0,7,8.82,265.86,456.94,1,0,0,1222.0,yes
218,218,585,female,40.0,6,28.01,132.94,244.88,1,1,0,284.0,no
219,219,950,female,45.0,3,0.41,1.61,2.5,1,0,0,902.0,yes
220,220,436,male,50.0,5,116.84,116.84,116.84,1,0,0,986.0,yes
221,221,509,male,22.0,6,15.16,225.58,391.01,1,1,0,533.0,no
222,222,856,male,67.0,4,2.55,285.34,300.64,1,0,1,789.0,yes
223,223,493,female,23.0,7,1.91,84.31,145.53,1,1,0,723.0,no
224,224,379,female,47.0,7,0.91,344.16,428.08,0,1,1,1260.0,yes
225,225,977,female,20.0,5,166.61,166.61,166.61,0,1,0,355.0,yes
226,226,276,female,38.0,2,0.04,126.69,182.46,1,0,0,1328.0,yes
227,227,590,male,46.0,5,2.93,310.13,392.66,0,1,1,769.0,yes
228,228,258,female,23.0,7,0.01,311.54,443.31,1,1,0,509.0,no
229,229,593,male,17.0,4,254.67,254.67,254.67,0,1,0,606.0,no
230,230,659,male,75.0,3,116.21,374.7,490.91,0,1,0,928.0,yes
231,231,521,female,28.0,5,146.46,313.18,459.64,1,0,0,689.0,no
232,232,549,female,33.0,7,7.22,82.18,193.7,0,1,1,1202.0,yes
233,233,633,male,52.0,5,20.84,267.59,392.47,0,1,0,943.0,yes
234,234,940,female,51.0,6,292.55,292.55,292.55,0,1,0,265.0,no
235,235,152,male,72.0,5,0.03,223.51,241.02,1,1,0,1105.0,no
236,236,865,male,34.0,5,0.29,160.32,268.75,1,0,0,459.0,no
237,237,710,male,23.0,6,6.42,396.35,737.6,1,1,0,695.0,no
238,238,667,female,43.0,7,113.46,251.91,486.42,0,1,0,558.0,no
239,239,66,male,33.0,3,0.0,35.37,77.32,0,1,0,208.0,no
240,240,900,male,38.0,5,0.03,83.64,176.36,1,0,1,848.0,yes
241,241,322,male,43.0,6,6.01,483.59,699.95,1,1,0,1176.0,no
242,242,808,male,47.0,5,120.73,152.59,273.32,0,1,0,592.0,no
243,243,630,female,74.0,4,67.28,321.01,388.29,0,1,0,232.0,yes
244,244,321,female,71.0,7,0.02,304.98,566.33,0,1,1,562.0,no
245,245,291,male,39.0,3,96.39,159.77,256.16,0,1,0,1238.0,yes
246,246,640,male,34.0,4,25.97,264.12,694.3,0,1,0,558.0,no
247,247,365,female,42.0,2,877.57,877.57,877.57,0,1,0,672.0,no
248,248,401,female,33.0,4,5.97,87.67,246.55,1,0,0,990.0,no
249,249,202,female,52.0,5,31.53,185.67,376.0,0,1,0,1449.0,yes
250,250,570,male,49.0,6,0.04,303.25,328.87,1,1,1,1129.0,no
251,251,800,male,45.0,2,20.2,256.58,447.34,1,1,1,742.0,yes
252,252,245,male,81.0,5,0.13,36.43,59.95,0,1,1,1043.0,no
253,253,861,female,71.0,5,5.25,128.08,441.99,0,0,1,604.0,yes
254,254,196,male,30.0,4,134.6,134.6,134.6,0,1,0,908.0,yes
255,255,734,female,28.0,3,148.11,148.11,148.11,1,0,0,498.0,no
256,256,980,male,90.0,4,2.26,366.91,733.37,1,0,0,822.0,no
257,257,385,female,40.0,7,10.39,261.84,371.36,0,1,1,927.0,yes
258,258,109,male,54.0,3,58.88,58.88,58.88,0,0,1,953.0,yes
259,259,115,female,69.0,6,7.23,457.06,719.22,0,1,0,571.0,no
260,260,649,male,42.0,5,0.0,430.87,475.98,0,1,0,1086.0,yes
261,261,50,female,38.0,3,0.2,219.1,289.3,1,1,0,796.0,no
262,262,303,male,33.0,4,98.38,256.84,355.22,0,1,0,1274.0,yes
263,263,682,female,68.0,4,0.0,0.9,2.49,1,0,0,903.0,yes
264,264,217,female,32.0,4,0.0,180.51,186.87,1,1,0,1336.0,yes
265,265,927,female,55.0,4,0.46,24.14,46.29,0,1,0,773.0,no
266,266,540,male,17.0,2,31.08,199.69,622.47,0,1,0,580.0,no
267,267,728,male,29.0,2,555.51,555.51,555.51,1,0,0,534.0,no
268,268,389,male,57.0,6,1.59,483.71,650.75,0,1,0,672.0,no
269,269,990,female,80.0,5,0.01,93.74,125.23,1,0,1,388.0,yes
270,270,295,male,43.0,6,0.08,1.36,2.5,0,1,1,308.0,no
271,271,543,female,83.0,4,0.88,120.83,210.32,0,1,1,925.0,yes
272,272,85,male,31.0,8,0.26,430.54,710.4,0,1,0,827.0,no
273,273,969,male,68.0,4,133.28,133.28,133.28,0,1,0,658.0,yes
274,274,783,male,26.0,3,0.3,259.34,456.48,0,1,1,514.0,no
275,275,137,male,46.0,6,8.08,285.18,507.77,1,1,0,822.0,no
276,276,242,male,74.0,6,3.54,34.62,74.49,0,1,1,1329.0,yes
277,277,359,male,53.0,3,0.16,2.06,2.5,1,0,0,627.0,yes
278,278,257,male,82.0,7,81.28,81.28,81.28,1,0,0,1111.0,yes
279,279,939,male,44.0,4,987.52,987.52,987.52,0,1,0,554.0,no
280,280,71,female,20.0,4,0.13,418.01,550.4,0,1,1,899.0,no
281,281,596,female,20.0,6,0.25,86.18,112.35,1,1,0,582.0,no
282,282,733,female,50.0,4,390.43,390.43,390.43,1,0,0,517.0,yes
283,283,739,female,48.0,5,11.84,120.96,278.46,1,1,1,796.0,yes
284,284,41,male,65.0,5,35.86,312.85,348.71,1,0,0,1305.0,yes
285,285,394,male,24.0,4,6.33,68.95,142.44,0,1,0,752.0,yes
286,286,712,female,37.0,4,3.69,62.23,74.29,0,1,0,819.0,no
287,287,438,female,56.0,5,0.11,0.89,2.51,0,1,0,302.0,no
288,288,270,female,75.0,8,2.61,204.15,340.74,0,1,0,1451.0,yes
289,289,756,male,35.0,3,4.01,219.63,308.41,0,1,1,1083.0,yes
290,290,960,female,19.0,4,6.44,314.32,559.25,1,1,0,130.0,no
291,291,619,female,53.0,3,14.21,204.92,246.38,1,0,0,1076.0,yes
292,292,361,female,82.0,5,105.99,145.55,251.54,0,1,0,1129.0,yes
293,293,654,female,63.0,3,0.02,300.86,367.63,0,1,1,600.0,yes
294,294,828,male,27.0,5,2.99,77.09,122.67,1,0,0,1055.0,yes
295,295,568,male,46.0,3,3.95,232.02,322.42,1,0,0,629.0,yes
296,296,371,female,47.0,7,7.67,80.38,192.82,0,0,1,1166.0,yes
297,297,153,female,25.0,6,0.63,199.0,310.68,1,1,1,1038.0,yes
298,298,463,male,70.0,4,0.0,202.81,212.59,1,1,0,1135.0,yes
299,299,473,male,58.0,3,0.01,123.79,138.85,1,1,0,303.0,yes
300,300,194,male,22.0,4,429.12,429.12,429.12,0,1,0,710.0,no
301,302,293,female,90.0,6,3.66,354.45,427.56,0,1,0,1094.0,yes
302,303,930,male,51.0,5,8.17,91.29,111.05,0,1,0,746.0,yes
303,304,691,female,39.0,5,183.87,333.29,517.16,0,1,0,534.0,no
304,305,318,female,18.0,5,320.35,320.35,320.35,0,1,0,910.0,yes
305,306,947,male,17.0,6,0.03,157.43,246.25,0,1,1,740.0,yes
306,307,775,male,33.0,4,5.88,64.56,87.84,1,1,1,87.0,yes
307,308,505,female,76.0,4,3.58,69.05,97.34,0,1,0,1082.0,yes
308,309,906,male,34.0,6,52.19,170.99,223.18,0,1,0,931.0,yes
309,310,592,male,54.0,3,6.85,158.55,230.9,1,0,0,1112.0,yes
310,311,223,female,17.0,5,9.79,152.53,363.94,0,1,0,719.0,no
311,312,126,female,42.0,5,5.18,256.55,450.96,0,1,0,1153.0,yes
312,313,988,male,26.0,2,3.62,190.44,332.77,1,1,1,404.0,no
313,314,81,male,64.0,4,19.48,58.56,78.04,0,1,0,1272.0,yes
314,315,484,male,49.0,4,0.17,308.09,434.46,1,1,1,536.0,no
315,316,533,female,37.0,2,0.39,1.54,2.5,1,0,1,854.0,yes
316,317,120,female,22.0,5,431.89,431.89,431.89,0,1,0,513.0,no
317,318,627,male,17.0,5,0.24,207.88,261.84,1,0,1,1041.0,no
318,319,343,female,52.0,3,190.47,607.89,798.36,0,1,0,1122.0,yes
319,320,188,female,59.0,4,178.39,229.77,591.21,0,1,0,1023.0,yes
320,321,255,female,27.0,5,330.56,330.56,330.56,0,0,1,1272.0,yes
321,322,326,female,17.0,5,0.02,295.12,302.39,1,1,0,594.0,no
322,323,921,male,27.0,2,171.22,171.22,171.22,1,0,0,1033.0,yes
323,324,589,male,50.0,3,56.49,159.81,216.3,1,0,0,928.0,no
324,325,550,female,21.0,5,288.41,385.77,674.18,1,1,0,737.0,no
325,326,489,male,19.0,5,0.78,284.35,399.75,0,1,0,457.0,no
326,327,836,male,85.0,5,1.5,528.18,724.95,1,1,0,786.0,no
327,328,373,female,23.0,3,0.0,195.27,212.08,0,1,0,802.0,no
328,329,499,male,68.0,5,2.02,256.16,487.69,1,1,0,809.0,no
329,330,411,male,22.0,6,1.15,171.89,232.67,0,1,1,981.0,no
330,331,747,female,51.0,8,144.1,516.14,660.24,0,0,1,1278.0,yes
331,332,424,male,28.0,4,328.09,328.09,328.09,0,1,0,443.0,no
332,333,377,male,80.0,3,4.5,120.16,323.24,1,1,0,715.0,yes
333,334,645,female,70.0,5,0.04,109.23,230.42,1,1,1,652.0,no
334,335,44,male,37.0,3,4.81,77.9,148.1,0,1,0,1131.0,yes
335,336,62,female,25.0,4,226.75,440.33,667.08,0,1,0,640.0,no
336,337,809,male,56.0,4,210.51,210.51,210.51,0,1,0,1134.0,yes
337,338,740,female,83.0,6,11.64,124.06,235.24,1,1,0,851.0,no
338,339,717,female,51.0,4,47.96,280.31,413.42,0,1,0,713.0,no
339,340,30,male,42.0,4,30.46,168.82,336.37,0,1,1,1224.0,yes
340,341,679,female,39.0,2,57.98,111.54,169.52,0,1,1,275.0,no
341,342,352,female,76.0,5,23.63,224.46,327.57,0,1,0,1118.0,yes
342,343,70,male,52.0,3,1.95,392.49,418.07,1,0,0,1420.0,no
343,344,804,female,70.0,6,0.45,130.26,220.9,1,0,0,857.0,yes
344,345,60,male,54.0,4,0.02,164.19,331.82,0,1,1,1019.0,yes
345,346,461,male,70.0,5,53.54,159.32,488.05,1,0,0,901.0,yes
346,347,882,female,45.0,5,4.84,178.65,248.48,1,0,1,441.0,yes
347,348,774,male,39.0,4,36.84,135.32,172.16,1,0,0,744.0,yes
348,349,69,male,35.0,6,71.93,71.93,71.93,0,1,0,1070.0,no
349,350,132,female,68.0,4,656.68,656.68,656.68,0,1,0,258.0,no
350,351,494,female,44.0,4,0.92,112.46,114.82,0,1,0,608.0,yes
351,352,287,female,58.0,3,0.26,9.15,15.86,1,0,0,753.0,yes
352,353,854,male,47.0,4,1.7,86.06,139.49,1,0,0,626.0,yes
353,354,33,male,34.0,4,16.33,46.71,88.26,1,0,1,670.0,no
354,355,597,female,27.0,5,0.01,330.43,520.84,1,0,1,779.0,no
355,356,21,male,82.0,7,26.27,72.36,169.34,1,0,0,1238.0,yes
356,357,835,male,40.0,4,0.08,54.03,102.36,1,1,0,325.0,no
357,359,926,female,49.0,4,0.33,750.66,813.34,1,1,0,535.0,no
358,360,122,female,27.0,1,17.88,125.55,335.94,1,1,0,949.0,no
359,361,985,female,29.0,3,468.62,468.62,468.62,0,1,0,400.0,no
360,362,594,male,20.0,6,7.78,84.77,126.73,0,0,1,864.0,yes
361,363,959,female,35.0,5,8.06,337.76,462.84,1,1,0,492.0,yes
362,364,523,male,29.0,6,0.75,69.83,149.81,1,0,0,894.0,yes
363,365,575,male,25.0,8,45.9,186.06,384.73,1,0,0,616.0,no
364,366,674,female,64.0,5,3.87,462.75,488.04,0,1,0,534.0,yes
365,367,572,male,39.0,4,22.37,181.72,246.97,0,1,0,120.0,yes
366,368,192,male,38.0,2,0.37,176.91,193.16,1,0,0,1319.0,yes
367,369,786,female,30.0,7,0.0,294.75,361.17,1,1,0,511.0,no
368,370,839,female,60.0,3,0.1,320.62,335.98,1,1,0,1161.0,yes
369,371,87,female,58.0,4,0.18,223.28,239.66,1,0,0,1555.0,yes
370,372,166,female,77.0,5,57.64,74.63,132.27,1,1,0,1501.0,yes
371,373,772,female,29.0,3,0.05,121.49,143.05,0,1,0,485.0,no
372,374,186,female,55.0,6,1.38,58.3,102.27,1,0,1,1116.0,no
373,375,915,female,70.0,4,522.67,522.67,522.67,1,0,0,728.0,no
374,376,165,male,27.0,4,0.2,53.19,115.63,0,1,0,751.0,yes
375,377,364,male,68.0,6,117.51,117.51,117.51,1,0,0,992.0,yes
376,378,426,male,57.0,4,783.4,783.4,783.4,0,1,0,473.0,no
377,379,606,male,72.0,3,257.3,257.3,257.3,1,0,0,801.0,no
378,380,466,male,54.0,3,0.4,194.96,482.48,0,1,1,414.0,no
379,381,91,female,51.0,4,606.44,606.44,606.44,0,1,0,776.0,no
380,382,840,female,76.0,2,353.29,353.29,353.29,1,0,0,430.0,no
381,383,7,female,21.0,7,111.44,111.44,111.44,0,1,0,716.0,no
382,384,378,female,38.0,3,122.12,122.12,122.12,1,0,0,1142.0,yes
383,385,428,male,28.0,6,0.0,53.55,66.93,0,1,0,423.0,no
384,386,892,male,64.0,4,293.65,593.9,887.55,0,1,0,474.0,no
385,387,375,female,64.0,7,0.02,13.59,14.5,0,1,0,485.0,no
386,388,20,female,65.0,6,207.03,281.07,488.1,1,0,0,1088.0,yes
387,389,657,female,58.0,2,101.12,101.12,101.12,0,1,0,1065.0,yes
388,390,914,male,18.0,6,42.08,127.19,305.47,0,1,0,237.0,yes
389,391,211,female,37.0,4,393.61,439.89,833.5,0,1,0,763.0,no
390,392,492,female,66.0,8,3.31,171.63,212.55,1,1,0,876.0,yes
391,393,142,female,17.0,2,0.01,133.83,359.32,0,1,0,353.0,no
392,394,888,male,42.0,7,49.12,160.3,209.42,1,0,0,832.0,yes
393,395,205,male,30.0,5,0.03,424.43,671.7,0,1,1,541.0,no
394,396,248,female,53.0,3,0.23,435.43,491.06,1,1,0,881.0,no
395,397,561,female,51.0,6,0.02,237.17,320.09,0,1,0,956.0,yes
396,398,660,male,72.0,2,588.31,588.31,588.31,1,0,0,985.0,no
397,399,1000,female,24.0,4,0.9,23.72,46.7,0,1,0,252.0,no
398,400,76,female,50.0,5,82.73,191.35,507.29,0,1,1,800.0,no
399,401,198,male,60.0,4,7.84,152.6,176.77,1,0,0,1187.0,yes
400,402,174,female,45.0,4,0.21,53.49,72.58,1,1,0,920.0,yes
401,403,655,female,40.0,1,16.64,108.66,305.82,0,1,0,1028.0,yes
402,404,157,female,32.0,3,2.07,210.67,454.79,1,0,0,935.0,yes
403,405,143,male,91.0,5,1.73,101.3,127.35,0,0,1,1355.0,no
404,406,468,female,19.0,3,0.14,164.96,229.82,0,1,1,489.0,no
405,407,260,female,45.0,4,284.93,371.68,656.61,0,1,1,470.0,no
406,408,802,male,39.0,6,96.57,185.27,281.84,0,1,0,159.0,yes
407,409,907,female,32.0,5,19.12,324.88,631.55,0,1,0,597.0,no
408,410,881,female,25.0,3,0.09,111.42,210.88,1,1,1,529.0,no
409,411,784,male,51.0,4,322.75,322.75,322.75,0,1,0,253.0,yes
410,412,354,male,71.0,2,49.87,327.41,566.19,0,1,1,645.0,no
411,413,72,male,50.0,5,49.04,274.27,596.63,0,1,1,815.0,no
412,414,215,male,25.0,5,0.27,462.53,490.11,1,1,1,1065.0,yes
413,415,443,female,67.0,7,666.25,666.25,666.25,0,1,0,591.0,no
414,416,390,female,51.0,4,0.09,102.86,250.4,0,1,0,1070.0,yes
415,417,362,female,23.0,4,6.19,231.65,403.26,0,1,0,508.0,no
416,418,973,male,52.0,5,279.44,279.44,279.44,1,0,0,675.0,yes
417,419,317,female,17.0,4,0.13,129.31,256.03,1,1,1,510.0,no
418,420,686,male,50.0,5,160.68,160.68,160.68,0,0,1,974.0,yes
419,421,306,male,20.0,5,2.76,124.25,538.35,0,1,1,812.0,no
420,422,197,male,36.0,3,12.42,318.74,554.77,0,0,1,1348.0,no
421,423,116,female,24.0,3,0.28,209.16,433.91,1,1,0,1079.0,no
422,424,891,female,55.0,3,0.08,169.4,432.76,1,1,1,1089.0,no
423,425,996,female,29.0,5,3.53,161.87,265.61,1,1,0,227.0,no
424,426,131,male,46.0,3,0.19,187.63,283.57,0,1,1,486.0,yes
425,427,57,female,84.0,6,0.09,447.07,729.39,0,1,1,1143.0,no
426,428,866,male,20.0,2,210.79,210.79,210.79,0,1,0,476.0,no
427,429,965,male,53.0,6,1.85,583.58,1098.33,0,1,0,241.0,no
428,430,497,female,78.0,5,347.91,347.91,347.91,1,0,0,668.0,yes
429,431,626,male,28.0,6,0.25,315.0,376.78,0,1,0,591.0,no
430,432,139,female,73.0,3,2.08,131.1,240.59,0,1,1,1361.0,yes
431,433,25,female,49.0,4,2.42,107.19,109.61,0,1,0,1278.0,yes
432,434,525,female,39.0,3,0.29,103.29,265.22,1,1,0,894.0,yes
433,435,676,female,42.0,3,29.37,292.45,321.82,0,1,0,913.0,yes
434,436,504,female,39.0,1,10.23,120.0,216.2,0,1,1,765.0,yes
435,437,462,male,44.0,3,418.31,418.31,418.31,0,1,0,1136.0,yes
436,438,893,male,56.0,3,0.63,1.87,2.5,0,1,0,834.0,no
437,439,768,male,22.0,2,0.15,571.94,620.37,1,0,1,699.0,no
438,440,279,male,55.0,7,64.91,256.63,586.27,0,1,0,475.0,yes
439,441,376,male,38.0,6,4.06,570.84,624.65,1,0,0,1259.0,yes
440,442,56,female,25.0,4,0.27,45.44,50.91,0,1,0,665.0,yes
441,443,672,male,42.0,4,37.68,37.68,37.68,0,1,0,383.0,no
442,444,652,female,57.0,9,3.97,487.26,704.41,0,1,0,819.0,no
443,445,311,male,76.0,3,337.06,337.06,337.06,0,1,0,934.0,yes
444,446,384,female,18.0,3,1.0,783.08,867.86,0,1,0,663.0,no
445,447,869,female,83.0,5,70.62,287.51,358.13,1,0,0,733.0,yes
446,448,795,male,29.0,4,5.31,98.96,263.82,0,1,0,419.0,no
447,449,336,male,34.0,5,1.23,188.74,333.72,0,1,1,772.0,no
448,450,348,male,41.0,5,0.03,212.96,385.21,0,1,1,481.0,no
449,451,706,female,81.0,3,0.0,1.67,2.5,1,1,0,924.0,no
450,452,501,male,27.0,5,16.0,88.08,201.42,0,1,0,255.0,no
451,453,220,male,29.0,4,38.12,103.21,141.33,0,1,0,522.0,no
452,454,529,male,28.0,5,0.32,223.44,487.54,0,1,1,544.0,no
453,455,46,female,81.0,8,34.38,256.06,884.5,1,0,1,1066.0,yes
454,456,420,male,80.0,3,0.76,150.22,315.02,0,1,1,334.0,no
455,457,924,male,57.0,5,3.4,23.61,27.01,1,0,0,1176.0,yes
456,458,799,female,71.0,4,71.28,240.29,495.53,1,0,0,1099.0,yes
457,459,949,male,70.0,6,0.28,131.38,151.79,1,0,1,794.0,yes
458,460,541,female,30.0,1,406.04,406.04,406.04,0,1,0,661.0,no
459,461,218,male,43.0,8,10.45,128.28,177.99,1,1,1,1284.0,yes
460,462,890,male,20.0,6,0.04,47.94,61.96,1,0,0,476.0,no
461,463,944,male,49.0,7,10.19,252.55,262.74,0,1,0,610.0,yes
462,464,873,male,45.0,5,24.96,204.48,616.53,1,1,0,452.0,yes
463,465,680,female,83.0,6,0.05,132.71,371.37,1,1,0,890.0,yes
464,466,45,male,70.0,4,0.06,60.41,144.38,0,1,0,1070.0,yes
465,467,576,male,21.0,2,0.67,155.53,273.99,1,1,0,311.0,no
466,468,421,male,40.0,6,0.01,1.33,2.51,1,1,0,1111.0,yes
467,469,818,female,32.0,2,5.17,170.29,229.92,0,1,0,159.0,yes
468,470,782,male,40.0,5,307.36,307.36,307.36,1,0,0,297.0,yes
469,471,264,male,59.0,7,2.48,353.88,487.43,0,1,0,739.0,no
470,472,535,male,72.0,6,349.05,349.05,349.05,1,0,0,890.0,no
471,473,275,female,39.0,2,1.91,108.49,235.03,0,1,1,605.0,yes
472,474,707,female,52.0,3,131.34,161.5,292.84,1,0,0,688.0,yes
473,475,130,male,31.0,3,2.03,316.91,454.4,1,0,0,1070.0,yes
474,476,673,female,22.0,4,0.01,196.47,495.62,1,1,0,109.0,no
475,477,963,female,64.0,8,355.41,355.41,355.41,0,1,0,633.0,yes
476,478,440,female,39.0,7,0.03,117.8,207.66,1,1,1,974.0,yes
477,479,577,male,57.0,4,14.26,113.77,349.71,1,0,0,1174.0,yes
478,480,993,female,82.0,4,422.07,422.07,422.07,1,0,0,169.0,no
479,481,607,female,29.0,5,4.24,168.29,251.27,0,0,1,826.0,yes
480,482,773,female,72.0,4,26.29,171.55,323.44,0,1,0,1055.0,yes
481,483,271,female,51.0,4,19.76,417.2,590.74,0,1,0,993.0,yes
482,484,182,male,17.0,5,0.0,1.21,2.5,1,0,1,1497.0,yes
483,485,945,female,25.0,2,0.0,265.84,582.7,1,1,1,722.0,no
484,486,609,male,61.0,5,16.0,132.56,257.47,1,0,0,1006.0,yes
485,487,690,male,27.0,4,163.41,163.41,163.41,0,0,1,571.0,no
486,488,798,female,18.0,6,0.01,152.94,328.25,1,1,0,545.0,no
487,489,755,female,74.0,9,212.79,212.79,212.79,0,1,0,998.0,yes
488,490,962,male,53.0,4,215.0,215.0,215.0,0,1,0,694.0,no
489,491,909,male,64.0,9,297.78,297.78,297.78,0,1,0,386.0,no
490,492,140,female,17.0,4,0.19,75.01,118.23,0,1,0,907.0,no
491,493,935,female,69.0,4,243.2,243.2,243.2,0,0,1,652.0,yes
492,494,971,male,39.0,6,9.99,72.42,93.45,0,1,0,522.0,yes
493,495,745,male,79.0,6,0.0,420.12,503.31,0,1,1,905.0,no
494,496,48,male,55.0,3,144.3,144.3,144.3,1,0,0,879.0,yes
495,497,984,female,23.0,7,88.23,480.83,827.49,0,1,0,410.0,no
496,498,456,female,51.0,7,77.38,240.02,520.08,0,1,0,1238.0,yes
497,499,86,male,35.0,6,401.4,401.4,401.4,0,1,0,1426.0,yes
498,500,870,male,25.0,7,59.62,281.55,341.17,0,1,0,466.0,no
499,501,43,male,21.0,2,0.01,424.62,483.33,0,1,1,623.0,no
500,502,880,male,20.0,6,9.03,64.62,120.42,0,1,0,753.0,no
501,503,719,female,72.0,3,0.09,422.36,496.84,1,1,0,1122.0,yes
502,504,231,male,47.0,1,71.0,317.24,388.24,1,0,0,1137.0,yes
503,505,704,female,18.0,5,58.53,160.02,218.55,0,1,0,450.0,no
504,506,847,male,32.0,6,0.18,83.61,86.72,1,1,0,460.0,no
505,507,413,male,66.0,4,541.72,541.72,541.72,0,1,0,741.0,no
506,508,617,female,46.0,3,264.96,264.96,264.96,0,1,0,452.0,yes
507,509,261,male,35.0,8,634.36,634.36,634.36,0,1,0,913.0,no
508,510,850,female,33.0,9,0.11,189.74,316.01,1,1,1,786.0,yes
509,511,31,male,66.0,2,154.79,194.79,349.58,1,0,0,1178.0,yes
510,512,241,female,64.0,5,140.17,140.17,140.17,0,1,0,424.0,yes
511,513,430,male,36.0,5,2.5,2.5,2.5,0,1,0,749.0,no
512,514,872,male,19.0,5,52.13,194.67,437.66,0,1,1,506.0,no
513,515,646,female,23.0,3,0.81,24.28,88.97,1,1,0,548.0,yes
514,516,313,male,51.0,4,16.6,456.23,566.64,0,1,0,655.0,yes
515,517,638,male,42.0,6,7.9,400.88,638.29,0,1,0,795.0,no
516,518,855,female,26.0,5,1.07,175.81,242.71,0,1,0,145.0,no
517,519,544,female,46.0,4,342.54,342.54,342.54,0,0,1,731.0,yes
518,520,427,male,53.0,4,100.54,401.52,927.86,0,1,1,656.0,no
519,521,247,female,50.0,3,334.65,334.65,334.65,1,0,0,901.0,yes
520,522,169,male,61.0,5,0.34,158.68,239.32,0,1,1,741.0,no
521,523,265,male,27.0,5,0.9,24.82,44.74,1,0,0,910.0,yes
522,524,889,male,37.0,6,18.1,18.1,18.1,0,1,0,646.0,no
523,525,341,male,64.0,5,130.29,628.33,758.62,0,1,0,194.0,no
524,526,744,female,40.0,3,2.96,79.12,172.37,0,1,1,1214.0,yes
525,527,61,male,52.0,7,5.66,199.64,381.84,0,1,1,920.0,yes
526,528,846,male,64.0,4,0.0,114.61,226.02,1,0,1,302.0,no
527,529,694,female,22.0,6,4.16,225.68,333.83,0,1,0,243.0,no
528,530,13,male,27.0,4,3.34,231.36,363.5,1,0,1,960.0,no
529,531,431,male,69.0,7,0.05,106.26,179.11,1,0,0,1179.0,yes
530,532,530,female,87.0,6,0.0,124.31,148.09,1,1,0,1010.0,yes
531,533,538,male,34.0,3,0.03,1.03,2.5,0,1,0,743.0,no
532,534,610,male,20.0,5,0.31,472.35,643.75,0,1,0,351.0,no
533,535,59,female,47.0,2,0.0,171.76,195.95,0,1,1,1480.0,yes
534,536,553,female,29.0,3,58.09,206.37,520.28,0,1,1,492.0,no
535,537,323,female,18.0,6,1.18,1.32,2.5,0,0,1,1221.0,yes
536,538,449,female,18.0,4,0.0,91.38,142.02,1,1,1,448.0,no
537,539,302,male,36.0,5,1.78,149.11,264.06,1,1,0,1211.0,no
538,540,723,female,45.0,5,275.27,275.27,275.27,0,1,0,1080.0,yes
539,541,432,male,31.0,5,3.63,364.44,401.28,0,1,0,600.0,no
540,542,408,male,20.0,4,0.0,479.17,662.13,1,0,0,1122.0,no
541,543,2,male,35.0,3,0.23,330.07,354.03,0,0,1,827.0,yes
542,544,22,female,35.0,4,0.11,223.31,233.99,0,1,0,1234.0,no
543,545,729,female,50.0,6,149.92,149.92,149.92,1,0,0,853.0,no
544,546,831,female,26.0,3,679.52,679.52,679.52,0,1,0,205.0,no
545,547,26,female,33.0,5,1.46,249.45,326.33,0,1,0,1354.0,yes
546,548,128,male,65.0,2,5.08,490.9,640.61,1,0,0,998.0,yes
547,549,510,female,71.0,5,148.44,148.44,148.44,0,1,0,1037.0,yes
548,550,29,female,64.0,6,1.09,242.16,310.93,0,1,1,929.0,yes
549,551,834,male,21.0,6,17.26,156.5,237.21,0,1,0,757.0,yes
550,552,953,male,46.0,2,1.41,681.63,693.52,1,0,0,835.0,yes
551,553,464,male,48.0,4,118.83,118.83,118.83,0,1,0,609.0,yes
552,554,284,female,73.0,5,14.89,36.6,51.49,1,0,0,1288.0,yes
553,555,656,male,21.0,5,0.13,57.87,131.27,1,0,1,716.0,no
554,556,896,male,89.0,4,0.56,1.94,2.5,1,0,0,535.0,yes
555,557,495,male,29.0,6,0.0,532.44,534.32,0,1,0,772.0,no
556,558,559,female,27.0,4,29.92,423.98,453.9,1,0,0,380.0,yes
557,559,731,male,42.0,3,0.14,343.48,346.79,0,1,0,360.0,yes
558,560,805,male,31.0,2,5.55,151.88,306.49,1,0,0,423.0,yes
559,561,418,male,52.0,3,0.36,251.39,251.75,1,0,0,972.0,yes
560,562,615,male,48.0,5,0.02,3.65,6.51,0,1,1,229.0,yes
561,563,435,male,26.0,3,35.88,35.88,35.88,0,1,0,726.0,no
562,564,262,female,18.0,3,518.23,518.23,518.23,0,1,0,819.0,no
563,565,862,female,42.0,5,161.25,161.25,161.25,0,1,0,967.0,no
564,566,216,male,26.0,4,652.71,652.71,652.71,0,1,0,751.0,no
565,567,520,male,33.0,5,0.0,1.42,2.51,0,1,1,361.0,no
566,568,738,female,81.0,6,0.03,229.21,282.7,1,1,1,636.0,yes
567,569,278,female,48.0,4,64.18,470.56,534.74,1,0,0,931.0,yes
568,570,631,female,73.0,8,6.38,102.32,172.95,0,1,1,975.0,yes
569,571,47,female,47.0,3,0.02,115.63,264.75,1,1,0,1470.0,yes
570,572,722,male,37.0,3,0.76,94.1,179.76,1,0,1,1047.0,yes
571,573,628,female,50.0,3,5.25,646.96,765.47,1,0,0,1076.0,no
572,574,517,male,18.0,4,0.05,172.89,206.1,1,1,0,628.0,no
573,575,761,female,42.0,2,0.88,124.57,205.63,1,1,0,1153.0,yes
574,576,100,female,33.0,5,3.21,86.77,141.59,0,1,1,1008.0,yes
575,577,560,female,18.0,4,17.66,305.75,346.65,1,0,0,509.0,yes
576,578,325,male,26.0,3,4.4,75.08,270.53,1,1,0,142.0,no
577,579,705,female,22.0,6,399.05,399.05,399.05,0,0,1,659.0,yes
578,580,368,male,49.0,5,0.03,12.13,17.32,1,1,1,704.0,no
579,581,760,female,45.0,7,0.74,69.48,139.26,0,1,0,872.0,yes
580,582,457,female,62.0,4,0.01,42.84,47.49,0,1,0,573.0,yes
581,583,226,male,52.0,4,24.25,106.04,159.14,0,1,0,804.0,no
582,584,399,female,56.0,2,9.61,124.31,255.32,0,1,0,1232.0,yes
583,585,333,male,41.0,6,24.45,280.55,648.25,1,1,0,820.0,yes
584,586,637,female,25.0,7,16.86,16.86,16.86,0,0,1,1148.0,no
585,587,77,female,35.0,7,101.54,101.54,101.54,0,1,0,1216.0,yes
586,588,624,male,89.0,6,189.45,345.48,534.93,0,1,0,102.0,yes
587,589,600,male,21.0,1,157.77,461.11,618.88,0,1,0,290.0,no
588,590,230,male,31.0,3,26.07,475.28,768.48,0,1,0,382.0,no
589,591,997,male,84.0,4,80.78,699.32,873.12,0,1,0,870.0,no
590,592,453,male,37.0,5,0.09,439.78,465.38,0,1,1,635.0,no
591,593,23,female,17.0,7,432.95,432.95,432.95,0,1,0,930.0,no
592,594,701,male,28.0,5,12.23,404.28,842.05,1,1,0,401.0,no
593,595,108,male,48.0,6,5.51,265.44,605.58,0,1,1,1035.0,no
594,596,340,male,53.0,7,492.15,492.15,492.15,0,1,0,597.0,no
595,597,763,male,58.0,3,180.88,301.93,482.81,1,0,0,523.0,no
596,598,450,female,61.0,4,0.31,188.39,421.63,1,1,1,387.0,no
597,599,934,female,76.0,4,11.23,90.93,196.14,0,1,0,779.0,yes
598,600,49,male,42.0,4,0.02,525.77,639.95,0,1,1,583.0,no
599,601,664,female,16.0,4,13.72,186.12,232.57,0,1,0,173.0,no
600,602,938,male,51.0,1,650.65,650.65,650.65,0,1,0,375.0,no
601,603,164,male,57.0,4,0.15,162.59,405.9,1,1,1,754.0,no
602,604,118,male,39.0,8,6.27,397.55,487.27,0,1,0,880.0,no
603,605,104,female,51.0,2,162.2,162.2,162.2,1,0,0,1291.0,yes
604,606,224,female,79.0,4,0.04,233.72,302.31,0,1,0,986.0,yes
605,607,58,male,53.0,5,171.69,171.69,171.69,0,1,0,822.0,yes
606,608,998,male,20.0,9,874.99,874.99,874.99,0,1,0,419.0,yes
607,609,416,male,43.0,5,86.96,218.8,450.01,1,0,0,855.0,yes
608,610,479,male,35.0,2,2.34,418.6,669.71,0,1,0,309.0,no
609,611,119,female,37.0,6,0.0,1.5,2.51,0,1,1,971.0,no
610,612,259,female,29.0,3,77.84,241.39,427.79,0,1,0,883.0,no
611,613,195,male,52.0,5,49.17,185.09,293.34,0,1,1,1049.0,no
612,614,764,male,33.0,3,0.02,16.85,30.26,0,1,1,349.0,no
613,615,595,female,18.0,9,7.14,358.28,426.67,0,1,0,777.0,no
614,616,201,female,27.0,8,0.14,201.21,296.57,0,1,0,508.0,no
615,617,113,male,40.0,5,0.18,239.33,419.47,1,1,1,572.0,no
616,618,193,female,17.0,4,0.15,43.88,67.32,1,1,1,571.0,yes
617,619,256,female,86.0,7,429.5,429.5,429.5,0,1,0,675.0,yes
618,620,771,female,16.0,5,0.03,223.6,260.97,0,1,1,376.0,no
619,621,167,male,29.0,5,10.0,195.61,390.21,0,1,0,510.0,yes
620,622,639,male,78.0,2,0.09,85.72,86.13,1,0,0,1248.0,yes
621,623,127,male,65.0,3,3.22,140.92,260.94,1,0,1,420.0,yes
622,624,518,female,53.0,4,4.6,246.63,407.34,0,1,0,411.0,yes
623,625,327,female,77.0,6,0.17,204.91,392.07,0,1,0,1015.0,yes
624,626,409,male,41.0,7,0.14,582.97,920.73,0,1,1,560.0,no
625,627,681,female,28.0,3,1.21,32.79,58.86,1,1,1,649.0,no
626,628,605,female,41.0,1,10.37,225.06,235.43,0,1,0,596.0,no
627,629,101,male,50.0,2,0.06,281.16,425.57,1,1,0,1209.0,yes
628,630,180,female,89.0,4,469.48,469.48,469.48,1,0,0,1189.0,yes
629,631,138,female,63.0,6,0.04,58.69,69.33,1,1,0,978.0,no
630,632,853,male,39.0,7,211.29,211.29,211.29,0,1,0,752.0,no
631,633,65,female,47.0,4,58.02,328.1,386.12,1,0,0,990.0,no
632,634,709,female,43.0,5,0.04,43.42,83.45,1,1,0,508.0,yes
633,635,250,male,50.0,6,2.74,211.39,278.53,0,1,0,1054.0,yes
634,636,472,female,18.0,3,0.06,336.87,599.61,0,1,1,662.0,no
635,637,89,female,27.0,3,0.22,160.31,337.36,1,1,0,750.0,no
636,638,721,male,69.0,6,0.05,1.0,2.5,1,1,0,1071.0,yes
637,639,992,female,28.0,4,0.24,37.8,58.55,1,1,0,161.0,no
638,640,444,female,43.0,6,1.35,340.18,410.98,0,1,0,979.0,no
639,641,974,male,38.0,4,392.84,392.84,392.84,0,1,0,38.0,no
640,642,864,female,69.0,4,4.16,283.69,337.24,1,0,0,757.0,yes
641,643,548,male,26.0,2,0.03,0.9,2.5,1,1,1,605.0,no
642,644,841,female,83.0,4,0.01,138.32,271.27,1,1,1,798.0,yes
643,645,557,female,47.0,6,0.03,196.96,283.55,1,1,1,1152.0,yes
644,646,923,male,26.0,7,162.16,162.16,162.16,0,1,0,290.0,no
645,647,391,male,63.0,4,3.76,265.07,273.54,1,0,0,1061.0,yes
646,648,976,male,20.0,6,1.23,1.27,2.5,1,0,0,754.0,yes
647,649,751,male,17.0,4,1.14,76.32,251.7,0,1,0,520.0,no
648,650,512,female,17.0,5,272.93,272.93,272.93,0,1,0,415.0,yes
649,651,40,male,38.0,8,425.98,425.98,425.98,0,1,0,916.0,no
650,652,356,female,44.0,4,8.65,257.81,371.43,1,1,0,827.0,yes
651,653,133,male,42.0,8,1.31,459.66,763.48,1,0,1,1120.0,yes
652,654,554,male,32.0,4,0.06,598.69,653.66,1,1,0,914.0,no
653,655,643,male,81.0,3,0.01,0.88,2.5,1,1,0,541.0,no
654,656,404,male,91.0,3,80.99,243.9,324.89,0,1,0,1104.0,yes
655,657,292,male,31.0,3,23.59,306.45,465.57,1,0,1,691.0,no
656,658,144,male,35.0,5,258.97,258.97,258.97,0,1,0,609.0,no
657,659,684,female,60.0,8,157.87,157.87,157.87,0,1,0,800.0,yes
658,660,425,male,76.0,5,1.05,126.68,205.38,0,1,1,889.0,no
659,661,105,female,71.0,7,256.26,256.26,256.26,1,0,0,1558.0,yes
660,662,567,male,49.0,5,20.5,627.55,884.52,0,1,0,187.0,no
661,663,929,female,63.0,4,16.83,60.28,107.35,1,1,0,621.0,no
662,664,641,female,19.0,4,0.9,153.44,259.27,1,1,0,323.0,yes
663,665,99,male,72.0,5,19.27,246.42,734.13,1,1,1,684.0,no
664,666,124,male,36.0,5,1.27,155.47,271.55,1,1,1,634.0,no
665,667,537,male,36.0,7,10.12,508.25,741.55,1,1,1,799.0,no
666,668,28,female,53.0,4,4.77,133.02,188.87,1,1,1,1310.0,yes
667,669,8,male,48.0,7,512.8,512.8,512.8,0,1,0,989.0,no
668,670,787,male,54.0,4,0.01,21.09,36.24,1,0,1,896.0,yes
669,671,90,female,45.0,5,0.11,285.76,296.16,1,1,1,1052.0,yes
670,672,730,male,57.0,5,0.27,224.25,432.19,1,0,0,1205.0,yes
671,673,863,male,42.0,6,0.02,421.57,787.82,0,1,1,319.0,no
672,674,833,female,28.0,6,8.47,161.62,361.84,0,1,0,570.0,no
673,675,445,male,23.0,2,25.85,236.59,421.9,0,1,0,390.0,no
674,676,972,female,23.0,6,0.06,2.44,2.5,1,0,0,520.0,no
675,677,843,male,39.0,6,0.0,73.08,127.83,1,1,0,879.0,yes
676,678,498,male,46.0,1,0.01,619.27,624.8,0,1,1,644.0,no
677,679,396,male,55.0,3,768.64,768.64,768.64,0,1,0,682.0,no
678,680,73,male,38.0,6,5.85,480.91,558.34,0,0,1,1394.0,no
679,681,42,female,22.0,8,431.57,431.57,431.57,0,1,0,505.0,no
680,682,791,female,43.0,5,0.02,360.31,398.78,1,0,0,980.0,no
681,683,750,male,17.0,6,4.33,30.67,45.69,0,1,0,683.0,no
682,684,895,female,69.0,7,2.55,172.94,380.87,0,1,0,681.0,yes
683,685,718,male,42.0,4,0.47,78.87,242.68,0,1,1,509.0,no
684,686,82,male,63.0,3,0.47,404.29,930.32,1,1,1,715.0,no
685,687,251,female,38.0,5,106.59,337.35,443.94,0,1,0,981.0,yes
686,688,477,male,51.0,6,0.38,779.9,981.38,1,1,0,540.0,no
687,689,838,male,21.0,6,379.65,379.65,379.65,0,1,0,519.0,no
688,690,982,male,79.0,5,3.92,64.93,140.47,0,0,1,763.0,yes
689,691,653,male,67.0,6,0.28,315.38,470.23,1,1,0,1016.0,no
690,692,887,male,27.0,5,0.02,66.84,97.66,1,1,0,492.0,no
691,693,814,male,57.0,5,6.43,123.69,383.02,1,1,0,999.0,yes
692,694,894,male,66.0,5,0.0,203.88,226.42,1,0,0,806.0,yes
693,695,715,female,41.0,7,2.14,301.69,576.35,1,0,1,834.0,yes
694,696,519,male,44.0,5,0.74,202.61,430.1,1,1,1,637.0,no
695,697,534,male,55.0,5,0.97,11.83,24.4,0,0,1,937.0,yes
696,698,790,female,37.0,4,47.21,359.22,406.43,0,0,1,841.0,yes
697,699,566,female,42.0,4,45.21,102.23,336.45,0,1,0,969.0,yes
698,700,470,male,36.0,2,759.62,759.62,759.62,0,1,0,480.0,no
699,701,423,female,51.0,2,32.47,78.28,110.75,0,1,0,261.0,yes
700,702,98,male,64.0,8,5.65,331.96,455.16,1,0,1,1088.0,yes
701,703,312,female,20.0,4,0.76,324.28,480.19,1,1,0,533.0,no
702,704,268,female,42.0,4,9.68,158.22,316.57,1,0,1,1165.0,yes
703,705,983,male,43.0,5,13.24,284.46,385.12,0,1,0,341.0,yes
704,706,388,female,36.0,6,21.53,273.98,351.6,1,0,1,746.0,yes
705,707,51,female,60.0,4,9.21,276.27,389.88,0,1,0,993.0,no
706,708,769,female,18.0,3,0.13,185.09,379.29,0,1,0,584.0,no
707,709,214,female,35.0,1,1.09,200.07,252.98,1,1,0,842.0,yes
708,710,620,male,57.0,4,16.87,413.22,579.37,0,1,0,862.0,no
709,711,189,male,46.0,4,4.45,220.88,404.98,1,0,0,1458.0,yes
710,712,382,female,69.0,4,272.44,272.44,272.44,0,1,0,790.0,yes
711,713,785,male,59.0,5,0.37,1.28,2.5,0,1,0,646.0,no
712,714,588,female,40.0,3,4.07,439.46,465.86,1,0,0,752.0,no
713,715,254,female,27.0,4,0.07,179.81,379.33,0,1,1,831.0,no
714,716,437,female,21.0,6,0.02,192.79,241.79,0,1,1,424.0,no
715,717,837,female,50.0,4,0.02,422.85,565.14,0,1,1,368.0,no
716,718,967,female,73.0,6,0.01,134.98,181.73,1,1,1,496.0,yes
717,719,4,female,39.0,3,4.94,364.27,398.22,0,1,1,1239.0,yes
718,720,112,female,36.0,4,195.59,195.59,195.59,1,0,0,1243.0,no
719,721,746,male,70.0,6,21.91,170.41,418.96,0,1,0,798.0,yes
720,722,114,female,42.0,2,12.1,277.54,404.46,1,0,0,1066.0,yes
721,723,986,female,44.0,4,91.41,91.41,91.41,0,1,0,624.0,yes
722,724,158,male,56.0,5,6.47,134.45,219.96,0,1,0,992.0,yes
723,725,234,male,62.0,4,495.17,495.17,495.17,0,1,0,575.0,no
724,726,249,male,56.0,1,0.01,314.82,503.29,1,0,1,1251.0,no
725,727,551,female,55.0,5,271.92,271.92,271.92,1,0,0,882.0,yes
726,728,170,female,56.0,9,0.86,79.45,142.52,0,1,0,1100.0,yes
727,729,955,male,43.0,3,457.11,457.11,457.11,0,1,0,536.0,no
728,730,675,female,34.0,4,0.01,545.6,611.04,1,0,1,802.0,no
729,731,578,male,64.0,5,362.44,362.44,362.44,0,1,0,888.0,yes
730,732,395,male,44.0,3,2.5,2.5,2.5,1,0,0,1349.0,no
731,733,414,female,73.0,6,270.96,270.96,270.96,0,1,0,1226.0,yes
732,734,289,female,63.0,2,54.46,54.46,54.46,0,1,0,1181.0,no
733,735,883,male,38.0,5,440.74,440.74,440.74,0,1,0,625.0,yes
734,736,622,female,48.0,6,601.48,601.48,601.48,0,1,0,811.0,no
735,737,84,male,63.0,5,0.02,1.72,2.5,0,1,1,641.0,no
736,738,471,male,27.0,4,0.05,299.88,390.99,0,0,1,647.0,yes
737,739,693,female,20.0,3,0.08,339.09,437.57,1,1,0,822.0,no
738,740,522,male,78.0,4,2.66,145.7,225.53,0,1,1,1095.0,yes
739,741,812,female,35.0,3,0.85,264.25,360.46,0,1,0,1094.0,yes
740,742,208,male,61.0,5,7.78,307.24,360.36,1,0,0,976.0,yes
741,743,762,female,76.0,8,7.01,209.27,443.36,1,0,0,933.0,yes
742,744,83,female,58.0,2,376.51,376.51,376.51,0,1,0,1232.0,yes
743,745,154,female,38.0,1,1.63,209.74,292.64,0,1,1,1103.0,yes
744,746,344,female,75.0,3,9.12,153.95,257.38,1,0,0,1392.0,yes
745,747,228,female,30.0,7,10.85,105.75,302.71,0,1,0,961.0,no
746,748,358,male,18.0,7,0.48,258.05,421.95,0,1,1,668.0,no
747,749,832,female,29.0,3,7.59,120.63,163.24,0,1,0,207.0,no
748,750,400,male,51.0,9,1.15,188.26,282.45,1,1,1,488.0,no
749,751,252,male,71.0,6,13.06,262.37,669.12,0,1,0,917.0,no
750,752,961,male,76.0,5,36.46,133.37,248.73,1,0,0,891.0,yes
751,753,148,female,67.0,3,11.58,179.6,344.98,0,1,1,818.0,no
752,754,506,male,34.0,4,396.82,396.82,396.82,1,0,0,718.0,yes
753,755,767,male,52.0,7,18.0,196.4,428.52,1,1,0,976.0,yes
754,756,678,male,35.0,6,0.06,419.41,727.74,0,1,0,515.0,no
755,757,92,male,42.0,4,50.7,61.79,163.37,0,1,0,788.0,yes
756,758,526,female,80.0,4,1.73,93.47,170.21,0,1,1,1252.0,yes
757,759,713,female,33.0,3,0.31,2.19,2.5,0,1,0,824.0,yes
758,760,650,female,27.0,4,17.46,265.71,366.85,1,1,0,643.0,no
759,761,979,female,29.0,6,1.44,23.21,31.57,1,0,0,493.0,yes
760,762,781,male,59.0,6,0.68,219.77,338.39,1,0,0,832.0,yes
761,763,185,male,34.0,2,0.1,247.04,250.93,1,1,0,702.0,no
762,764,703,female,32.0,4,21.22,420.89,565.2,0,1,0,598.0,yes
763,765,199,male,23.0,5,282.0,282.0,282.0,1,0,0,1231.0,yes
764,766,200,male,40.0,5,16.71,119.65,136.36,1,1,0,723.0,yes
765,767,207,female,43.0,4,122.53,122.53,122.53,1,0,0,500.0,no
766,768,946,male,55.0,6,10.66,44.96,88.48,1,0,0,339.0,yes
767,769,735,male,50.0,6,5.91,93.94,213.34,1,0,0,256.0,yes
768,770,342,female,29.0,6,26.57,75.36,140.17,1,1,0,533.0,no
769,771,106,female,61.0,5,1.01,151.77,299.16,1,1,0,818.0,yes
770,772,827,female,41.0,6,22.7,22.7,22.7,0,0,1,696.0,no
771,773,683,male,47.0,4,0.06,431.4,439.39,0,1,1,498.0,yes
772,774,412,female,16.0,4,445.34,445.34,445.34,0,1,0,803.0,yes
773,775,434,male,46.0,4,0.04,1.93,2.5,0,1,1,667.0,no
774,776,975,male,81.0,5,0.03,2.32,2.5,1,0,1,1033.0,yes
775,777,936,female,42.0,2,411.82,411.82,411.82,1,0,0,857.0,yes
776,778,210,female,51.0,4,37.5,314.45,468.6,1,1,0,1250.0,yes
777,779,299,female,39.0,9,8.66,239.74,433.65,1,1,0,823.0,yes
778,780,239,female,50.0,6,3.33,114.93,350.87,0,1,1,1357.0,no
779,781,24,male,52.0,3,13.47,332.39,442.73,1,0,0,1347.0,yes
780,782,742,male,26.0,1,6.86,390.92,397.78,1,0,0,286.0,no
781,783,3,female,25.0,8,2.82,35.09,119.08,0,1,1,745.0,no
782,784,516,male,18.0,4,2.7,112.01,130.64,0,1,0,989.0,no
783,785,162,male,49.0,3,237.51,237.51,237.51,1,0,0,1399.0,no
784,786,179,male,30.0,6,1.76,449.26,692.93,0,1,0,896.0,no
785,787,765,male,81.0,6,19.13,195.09,290.23,1,1,0,1427.0,yes
786,788,964,female,42.0,4,31.5,126.14,157.64,0,1,0,986.0,yes
787,789,406,female,54.0,4,0.03,110.27,173.99,0,1,0,414.0,yes
788,790,668,male,36.0,5,489.1,489.1,489.1,0,1,0,708.0,yes
789,791,117,female,62.0,5,11.6,67.38,78.98,1,0,1,847.0,yes
790,792,451,male,48.0,4,0.58,556.81,565.03,0,1,0,469.0,no
791,793,527,female,40.0,2,11.2,183.62,390.23,0,1,0,755.0,no
792,794,39,male,23.0,5,0.16,83.82,271.34,0,1,0,827.0,no
793,795,613,male,51.0,6,321.24,321.24,321.24,0,1,0,314.0,yes
794,796,422,male,65.0,4,9.23,326.43,421.23,1,0,0,1084.0,yes
795,797,392,male,22.0,5,375.55,383.8,759.35,1,0,1,352.0,no
796,798,826,male,39.0,6,3.53,54.22,104.94,0,1,1,475.0,no
797,799,34,male,45.0,7,1.7,838.18,1119.42,1,1,0,602.0,no
798,800,844,male,17.0,7,264.38,264.38,264.38,0,1,0,492.0,no
799,801,748,female,24.0,4,348.54,348.54,348.54,0,0,1,1103.0,yes
800,802,726,male,56.0,4,57.12,373.64,542.45,0,1,0,701.0,no
801,803,95,female,23.0,2,0.2,1.94,7.0,1,1,0,862.0,yes
802,804,700,female,52.0,2,0.55,156.17,240.54,0,1,1,970.0,yes
803,805,933,male,62.0,3,0.09,192.07,378.24,0,0,1,521.0,yes
804,806,360,male,46.0,5,44.04,520.83,564.87,0,1,0,640.0,no
805,807,235,female,55.0,3,0.34,425.86,470.65,0,1,1,1083.0,no
806,808,801,female,59.0,7,42.15,105.09,253.38,0,1,0,1178.0,yes
807,809,387,female,22.0,3,12.43,101.25,220.29,1,1,0,945.0,yes
808,810,129,male,24.0,1,0.02,308.19,568.11,0,1,0,544.0,no
809,811,296,male,34.0,4,0.04,90.3,126.61,1,1,1,463.0,no
810,812,11,male,22.0,2,69.33,662.06,731.39,0,1,0,355.0,no
811,813,75,male,19.0,5,7.97,481.8,921.43,0,1,0,353.0,no
812,814,845,female,54.0,2,2.96,243.7,285.1,0,1,0,1278.0,yes
813,815,612,female,62.0,4,589.02,589.02,589.02,0,1,0,1097.0,yes
814,816,487,female,29.0,4,0.17,114.7,215.4,1,0,0,758.0,yes
815,817,816,male,53.0,6,0.0,682.56,771.09,0,1,0,360.0,no
816,818,994,male,64.0,6,0.0,1.22,2.5,0,1,0,299.0,no
817,819,163,male,19.0,3,274.64,274.64,274.64,0,1,0,670.0,no
818,820,825,female,29.0,5,22.42,22.42,22.42,1,0,0,433.0,no
819,821,160,male,58.0,4,70.3,555.07,625.37,0,1,1,617.0,no
820,822,698,male,52.0,5,42.95,217.67,326.04,0,1,0,595.0,yes
821,823,103,male,79.0,4,0.16,381.77,847.72,0,1,0,1306.0,no
822,824,842,female,48.0,4,0.11,83.35,173.57,0,1,0,748.0,yes
823,825,304,female,86.0,5,0.01,30.51,54.84,0,1,1,1110.0,no
824,827,545,female,59.0,4,144.08,144.08,144.08,0,1,0,1184.0,yes
825,828,970,female,38.0,8,56.77,56.77,56.77,0,1,0,912.0,yes
826,829,297,male,56.0,7,341.02,341.02,341.02,0,1,0,766.0,yes
827,830,777,male,62.0,4,1.8,514.44,913.58,0,1,0,464.0,no
828,831,236,male,47.0,2,16.3,154.57,286.07,0,1,1,1002.0,yes
829,832,35,female,71.0,7,16.04,218.64,320.75,1,1,0,189.0,yes
830,833,125,female,76.0,3,1.69,94.14,157.68,0,0,1,1165.0,yes
831,834,903,male,29.0,6,711.44,711.44,711.44,1,0,0,316.0,no
832,835,177,male,34.0,3,0.56,495.25,789.95,1,1,0,683.0,no
833,836,877,male,20.0,5,0.76,428.41,590.45,0,1,1,542.0,no
834,837,716,male,78.0,7,294.74,294.74,294.74,0,1,0,913.0,yes
835,838,491,male,24.0,3,4.84,412.47,611.17,0,1,0,698.0,yes
836,839,410,male,30.0,3,11.3,189.39,296.64,1,1,0,492.0,yes
837,840,958,female,43.0,4,0.02,26.55,49.94,1,1,0,716.0,yes
838,841,454,male,43.0,4,6.46,265.67,355.24,1,1,0,979.0,yes
839,842,402,male,56.0,5,19.44,438.83,518.9,1,0,0,1148.0,yes
840,843,263,male,90.0,3,0.0,100.04,194.68,0,1,1,962.0,no
841,844,852,female,73.0,4,4.21,142.36,165.86,1,0,1,698.0,yes
842,845,968,male,30.0,4,405.9,405.9,405.9,0,1,0,312.0,no
843,846,380,male,85.0,4,3.31,319.38,395.54,1,1,0,1164.0,yes
844,847,625,male,57.0,4,0.05,227.91,383.76,1,0,1,1163.0,yes
845,848,397,male,60.0,5,0.02,148.94,293.84,0,1,1,884.0,no
846,849,858,female,23.0,5,282.39,282.39,282.39,0,1,0,377.0,no
847,850,67,male,74.0,2,5.33,220.9,255.45,0,1,0,1364.0,yes
848,851,788,male,39.0,5,0.25,26.11,44.36,1,1,0,264.0,no
849,852,848,male,35.0,6,0.06,2.12,2.5,1,0,0,384.0,no
850,853,830,female,44.0,4,3.05,233.26,425.52,1,0,1,732.0,no
851,854,948,female,59.0,2,427.88,427.88,427.88,0,1,0,755.0,yes
852,855,696,male,20.0,4,13.36,227.26,316.78,1,0,0,180.0,no
853,856,662,female,33.0,3,982.1,982.1,982.1,0,1,0,756.0,no
854,857,145,male,80.0,6,50.31,141.8,306.3,1,0,0,448.0,yes
855,858,53,male,22.0,6,394.0,394.0,394.0,0,1,0,616.0,no
856,859,307,male,46.0,2,384.4,384.4,384.4,0,1,0,617.0,no
857,860,305,male,52.0,3,305.26,305.26,305.26,1,0,0,963.0,yes
858,861,331,female,37.0,2,230.29,230.29,230.29,0,1,0,938.0,no
859,862,240,male,62.0,4,168.24,168.24,168.24,0,0,1,1372.0,yes
860,863,37,female,18.0,3,50.18,218.22,268.4,1,0,0,1211.0,yes
861,864,770,male,65.0,6,2.13,153.21,267.14,1,0,0,551.0,yes
862,865,178,female,66.0,4,6.87,111.54,249.4,1,1,1,1395.0,yes
863,866,920,female,48.0,6,451.55,451.55,451.55,1,0,0,1050.0,no
864,867,908,female,26.0,6,400.74,400.74,400.74,0,0,1,1239.0,no
865,868,911,female,45.0,6,100.9,208.89,309.79,0,1,0,705.0,yes
866,869,349,male,33.0,6,4.62,147.17,341.94,0,1,0,849.0,no
867,870,121,male,38.0,7,9.54,390.43,543.27,1,0,0,1308.0,yes
868,871,54,male,63.0,3,0.82,85.0,108.82,1,0,0,1121.0,yes
869,872,916,female,75.0,3,36.23,193.19,280.31,0,1,0,621.0,yes
870,873,135,female,54.0,6,571.58,571.58,571.58,1,0,0,908.0,yes
871,874,80,male,34.0,6,2.52,210.5,312.22,1,1,1,844.0,yes
872,875,429,female,19.0,2,64.76,64.76,64.76,0,1,0,596.0,no
873,876,496,male,72.0,4,0.0,240.8,312.69,1,1,0,1094.0,yes
874,877,383,female,18.0,5,0.54,188.87,383.51,0,1,1,406.0,no
875,878,315,female,64.0,7,191.67,191.67,191.67,0,0,1,975.0,yes
876,879,74,male,66.0,5,19.19,384.59,423.73,0,1,0,609.0,no
877,880,324,female,39.0,6,1.88,153.41,298.93,1,1,0,1095.0,yes
878,881,584,male,55.0,4,16.29,143.69,285.9,1,0,0,986.0,yes
879,882,419,female,75.0,7,1.71,105.2,186.35,0,1,0,1154.0,no
880,883,151,female,50.0,3,0.2,161.77,303.32,1,0,1,1233.0,yes
881,884,286,male,70.0,3,169.68,169.68,169.68,0,1,0,682.0,no
882,885,604,female,89.0,4,87.59,95.95,183.54,0,1,0,964.0,yes
883,886,363,male,19.0,2,100.16,629.04,729.2,0,0,1,758.0,no
884,887,246,female,81.0,4,19.63,491.66,735.47,0,1,0,1003.0,no
885,888,490,female,63.0,4,264.87,264.87,264.87,0,0,1,1340.0,yes
886,889,552,male,67.0,2,0.05,133.49,275.78,1,1,1,1138.0,yes
887,890,780,female,30.0,4,0.79,8.6,10.2,0,1,0,852.0,no
888,891,754,male,17.0,3,0.79,121.73,207.99,1,1,0,703.0,no
889,892,849,male,34.0,2,8.09,480.96,535.55,1,0,0,390.0,no
890,893,277,male,45.0,6,517.79,517.79,517.79,0,1,0,536.0,no
891,894,483,male,71.0,4,0.07,11.14,26.47,0,1,0,850.0,no
892,895,599,female,44.0,6,218.53,218.53,218.53,0,1,0,1089.0,yes
893,896,150,female,50.0,2,0.01,242.0,344.66,1,1,0,1237.0,yes
894,897,941,male,30.0,7,0.34,407.59,527.59,0,1,1,160.0,no
895,898,956,female,29.0,5,112.88,132.46,245.34,1,0,0,759.0,no
896,899,172,male,28.0,7,0.04,1.86,2.5,0,1,0,974.0,no
897,900,981,female,42.0,3,2.5,2.5,2.5,0,1,0,637.0,yes
898,901,370,male,20.0,3,451.0,451.0,451.0,0,1,0,761.0,no
899,902,64,male,47.0,4,10.29,92.68,141.6,1,0,0,1137.0,yes
900,903,97,female,89.0,6,35.75,186.75,296.33,1,0,0,441.0,yes
901,904,209,male,55.0,6,0.0,51.56,95.52,0,1,0,321.0,no
902,905,407,male,55.0,3,0.44,21.71,36.1,1,1,0,847.0,yes
903,906,614,female,74.0,3,0.13,106.77,129.09,0,1,0,474.0,no
904,907,339,female,45.0,4,6.11,6.11,6.11,0,1,0,499.0,yes
905,908,687,female,21.0,6,373.19,373.19,373.19,0,1,0,674.0,no
906,909,611,male,45.0,4,0.0,176.05,302.03,1,1,0,673.0,no
907,910,778,male,17.0,6,0.64,511.92,619.07,0,1,0,454.0,no
908,911,300,female,40.0,6,2.57,188.04,325.84,1,0,0,936.0,yes
909,912,966,female,65.0,5,0.08,146.22,169.46,0,1,0,661.0,yes
910,913,536,female,55.0,2,0.26,371.72,442.97,0,1,0,798.0,yes
911,914,238,female,33.0,5,267.86,267.86,267.86,0,1,0,1200.0,yes
912,915,508,female,57.0,4,9.77,126.69,166.84,0,1,0,819.0,yes
913,916,689,female,35.0,4,252.3,252.3,252.3,0,1,0,193.0,no
914,917,857,male,52.0,4,221.38,221.38,221.38,0,1,0,236.0,no
915,918,55,male,60.0,3,36.02,104.83,226.34,1,1,0,1340.0,yes
916,919,702,male,40.0,2,0.97,127.1,178.86,0,1,0,465.0,yes
917,920,12,female,53.0,4,266.2,266.2,266.2,1,0,0,1278.0,yes
918,921,330,male,55.0,4,58.13,153.07,438.79,1,0,0,1138.0,yes
919,922,789,male,36.0,7,1.27,340.98,450.34,0,1,0,442.0,no
920,923,587,male,90.0,4,16.17,72.83,215.58,0,1,0,759.0,yes
921,924,398,female,21.0,6,0.93,57.28,86.19,0,1,1,582.0,no
922,925,405,female,44.0,2,17.35,38.59,86.19,0,1,0,905.0,yes
923,926,879,female,61.0,3,47.14,166.42,386.29,1,1,0,1028.0,yes
924,927,547,male,28.0,2,47.02,992.26,1039.28,0,1,0,303.0,no
925,928,942,male,48.0,5,0.24,366.15,388.48,0,0,1,282.0,yes
926,929,481,male,32.0,5,0.17,361.41,643.45,0,1,0,660.0,no
927,930,480,female,29.0,2,437.64,437.64,437.64,0,1,0,583.0,no
928,931,901,male,66.0,3,0.0,2.48,2.49,1,0,0,1095.0,yes
929,932,898,male,48.0,4,80.24,466.33,839.58,0,1,1,608.0,no
930,933,623,male,63.0,4,485.36,485.36,485.36,0,1,0,809.0,yes
931,934,931,male,25.0,5,250.13,250.13,250.13,1,0,0,600.0,no
932,935,583,male,54.0,6,2.26,104.0,195.67,0,1,1,695.0,no
933,936,851,male,22.0,5,0.13,136.06,206.24,1,1,1,480.0,no
934,937,184,male,42.0,4,0.01,21.55,54.25,0,1,1,990.0,yes
935,938,465,female,59.0,6,0.32,298.95,329.65,0,1,0,345.0,yes
936,939,905,male,30.0,7,0.0,171.93,335.18,1,1,1,470.0,no
937,940,573,female,29.0,5,0.16,241.38,277.76,1,1,0,608.0,yes
938,941,978,male,39.0,2,0.01,390.98,951.83,0,1,0,170.0,no
939,942,107,female,59.0,6,3.57,207.65,479.27,0,1,0,1073.0,no
940,943,227,female,62.0,1,117.08,465.98,583.06,1,0,1,952.0,yes
941,944,515,male,58.0,5,0.03,181.44,371.49,1,1,1,202.0,no
942,945,474,female,18.0,4,24.19,230.76,470.41,0,1,0,693.0,no
943,946,357,female,20.0,4,0.78,101.26,123.02,0,1,0,303.0,no
944,947,500,female,55.0,1,559.89,559.89,559.89,0,0,1,1021.0,yes
945,948,274,female,34.0,8,3.71,133.66,328.4,0,1,0,1121.0,yes
946,949,759,female,58.0,2,16.1,246.36,405.13,1,1,0,462.0,no
947,950,488,male,46.0,6,0.41,127.41,252.03,0,1,0,1471.0,yes
948,951,925,female,66.0,7,4.7,323.68,396.39,1,1,0,523.0,yes
949,952,374,female,21.0,3,177.91,177.91,177.91,0,1,0,391.0,no
950,953,732,female,64.0,8,0.0,166.27,181.89,1,0,0,1019.0,yes
951,954,741,male,29.0,3,50.05,235.44,285.49,0,1,0,717.0,no
952,956,991,male,50.0,7,18.44,42.56,82.67,1,0,0,737.0,yes
953,957,621,male,22.0,4,121.91,215.56,337.47,1,0,0,683.0,yes
954,958,697,male,34.0,4,18.71,346.1,425.99,0,1,0,542.0,no
955,959,269,female,21.0,4,368.88,368.88,368.88,0,1,0,738.0,yes
956,960,203,male,75.0,4,25.89,224.94,408.92,1,1,0,1201.0,yes
957,961,27,male,40.0,2,0.29,365.86,529.77,0,1,0,766.0,yes
958,962,15,male,22.0,5,0.0,196.03,216.24,1,1,1,1027.0,no
959,963,442,female,48.0,7,0.06,2.04,2.5,1,1,0,469.0,yes
960,964,96,male,36.0,8,0.2,383.13,614.67,0,1,0,679.0,no
961,965,183,female,50.0,4,1.64,165.27,219.63,0,1,0,1024.0,no
962,966,822,male,72.0,4,0.26,236.05,290.13,1,0,0,887.0,yes
963,967,692,male,61.0,5,0.33,1.41,2.49,0,1,0,496.0,yes
964,968,794,male,43.0,3,19.26,351.57,395.05,1,0,1,1005.0,yes
965,969,580,male,24.0,3,24.88,142.89,314.49,0,1,1,386.0,no
966,970,244,male,55.0,4,49.38,216.89,400.84,0,1,1,896.0,yes
967,971,386,male,90.0,5,0.0,1.69,2.48,1,1,0,928.0,yes
968,972,5,male,39.0,3,432.28,432.28,432.28,0,1,0,626.0,no
969,973,136,male,81.0,7,0.69,155.46,160.21,0,1,0,1245.0,yes
970,974,32,female,84.0,5,324.23,324.23,324.23,1,0,0,1364.0,no
971,975,860,female,55.0,5,183.31,183.31,183.31,0,1,0,328.0,no
972,976,932,female,29.0,6,2.98,122.42,353.1,0,1,0,699.0,no
973,977,415,female,49.0,5,299.65,299.65,299.65,0,1,0,1162.0,yes
974,978,338,female,18.0,6,43.99,325.37,369.36,0,1,0,487.0,no
975,979,902,male,87.0,9,38.81,90.32,178.31,1,0,1,963.0,yes
976,980,644,female,32.0,4,304.19,304.19,304.19,0,0,1,1055.0,yes
977,981,446,male,58.0,9,0.19,35.91,41.58,1,0,0,953.0,yes
978,982,815,male,21.0,6,0.39,271.92,628.01,0,1,1,614.0,no
979,983,191,female,69.0,1,5.04,103.42,191.48,0,1,1,1113.0,yes
980,984,314,male,54.0,4,0.7,432.75,433.45,1,0,0,936.0,no
981,985,350,male,24.0,2,4.08,516.71,728.17,0,1,0,512.0,no
982,986,793,male,36.0,5,869.78,869.78,869.78,0,1,0,615.0,no
983,987,685,male,75.0,1,2.63,220.87,481.83,0,1,0,732.0,yes
984,988,308,male,42.0,4,0.08,233.24,489.48,1,0,1,1064.0,no
985,989,233,male,61.0,3,0.0,709.66,759.36,0,1,1,659.0,no
986,990,367,male,73.0,8,0.0,46.29,95.93,0,1,1,593.0,no
987,991,146,female,35.0,3,0.0,1.78,2.5,1,1,1,1238.0,yes
988,992,329,male,90.0,6,0.39,370.24,530.29,0,1,0,217.0,yes
989,993,36,male,68.0,6,9.45,245.93,353.27,1,0,1,1251.0,yes
990,994,874,female,43.0,1,277.36,277.36,277.36,0,1,0,1068.0,yes
991,995,661,female,40.0,6,261.84,261.84,261.84,1,0,0,626.0,yes
992,996,337,male,52.0,5,2.23,216.07,375.96,1,1,0,1190.0,yes
993,997,190,female,78.0,4,372.34,372.34,372.34,1,0,0,1181.0,yes
994,998,737,female,64.0,5,169.48,169.48,169.48,0,1,0,1117.0,yes
995,999,669,female,22.0,6,0.0,195.72,265.07,0,1,0,264.0,no
